Database,Time,SNR,Number of classifiers,Power limit,Lower bound (mismatch probability),Upper bound (mismatch probability),Mismatch probability (trivial),Error probability (trivial),"Mismatch probability (alpha, unit beta)","Error probability (alpha, unit beta)","Mismatch probability (alpha, uniform beta)","Error probability (alpha, uniform beta)","Mismatch probability (alpha, beta)","Error probability (alpha, beta)","Mismatch probability (joint: alpha, beta)","Error probability (joint: alpha, beta)"
Heart Diseases Database,15_02_2022-15_08_05,-25.0,60,2.783157683713741,36.06181853261996,49.472839331859,48.199999999999996,49.133333333333326,48.199999999999996,49.133333333333326,48.199999999999996,49.133333333333326,46.099999999999994,46.3,49.1,49.96666666666667
Heart Diseases Database,15_02_2022-15_14_04,-20.0,60,2.783157683713741,27.222473708557892,49.096000711978604,47.23333333333334,47.63333333333334,47.23333333333334,47.63333333333334,47.23333333333334,47.63333333333334,43.99999999999999,45.266666666666666,48.03333333333333,47.96666666666667
Heart Diseases Database,15_02_2022-15_20_05,-15.0,60,2.783157683713741,16.276422472807788,48.370833275903195,45.833333333333336,45.53333333333334,45.833333333333336,45.53333333333334,45.833333333333336,45.53333333333334,42.36666666666666,45.266666666666666,46.86666666666667,47.3
Heart Diseases Database,15_02_2022-15_26_17,-10.0,60,2.783157683713741,4.997032001187288,47.03754754726387,42.733333333333334,43.89999999999999,42.733333333333334,43.89999999999999,42.733333333333334,43.89999999999999,35.199999999999996,38.56666666666667,44.833333333333336,45.266666666666666
