Database,Time,SNR,Number of classifiers,Power limit,Lower bound (mismatch probability),Upper bound (mismatch probability),Mismatch probability (trivial),Error probability (trivial),"Mismatch probability (alpha, unit beta)","Error probability (alpha, unit beta)","Mismatch probability (alpha, uniform beta)","Error probability (alpha, uniform beta)","Mismatch probability (alpha, beta)","Error probability (alpha, beta)","Mismatch probability (joint: alpha, beta)","Error probability (joint: alpha, beta)"
Heart Diseases Database,15_02_2022-14_35_42,-25.0,60,2.783157683713741,36.06181853261996,49.472839331859,48.199999999999996,49.133333333333326,48.199999999999996,49.133333333333326,48.199999999999996,49.133333333333326,46.36666666666667,46.56666666666667,33.166666666666664,36.83333333333333
Heart Diseases Database,15_02_2022-14_41_07,-20.0,60,2.783157683713741,27.222473708557892,49.096000711978604,47.23333333333334,47.63333333333334,47.23333333333334,47.63333333333334,47.23333333333334,47.63333333333334,43.93333333333334,45.266666666666666,13.533333333333331,21.599999999999998
