Database,Time,SNR,Number of classifiers,Power limit,Lower bound (mismatch probability),Upper bound (mismatch probability),Mismatch probability (trivial),Error probability (trivial),"Mismatch probability (alpha, unit beta)","Error probability (alpha, unit beta)","Mismatch probability (alpha, uniform beta)","Error probability (alpha, uniform beta)","Mismatch probability (alpha, beta)","Error probability (alpha, beta)","Mismatch probability (joint: alpha, beta)","Error probability (joint: alpha, beta)"
Heart Diseases Database,15_02_2022-14_20_34,-25.0,60,2.783157683713741,36.06181853261996,49.472839331859,48.199999999999996,49.133333333333326,48.199999999999996,49.133333333333326,48.199999999999996,49.133333333333326,48.199999999999996,49.133333333333326,49.53333333333333,50.13333333333334
Heart Diseases Database,15_02_2022-14_21_02,-20.0,60,2.783157683713741,27.222473708557892,49.096000711978604,47.23333333333334,47.63333333333334,47.23333333333334,47.63333333333334,47.23333333333334,47.63333333333334,47.23333333333334,47.63333333333334,48.1,47.96666666666667
Heart Diseases Database,15_02_2022-14_21_31,-15.0,60,2.783157683713741,16.276422472807788,48.370833275903195,45.833333333333336,45.53333333333334,45.833333333333336,45.53333333333334,45.833333333333336,45.53333333333334,45.833333333333336,45.53333333333334,46.86666666666667,46.833333333333336
Heart Diseases Database,15_02_2022-14_22_00,-10.0,60,2.783157683713741,4.997032001187288,47.03754754726387,42.733333333333334,43.89999999999999,42.733333333333334,43.89999999999999,42.733333333333334,43.89999999999999,42.733333333333334,43.89999999999999,44.733333333333334,44.96666666666667
