Database,Time,SNR,Number of classifiers,Power limit,Lower bound (mismatch probability),Upper bound (mismatch probability),Mismatch probability (trivial),Error probability (trivial),"Mismatch probability (alpha, gd_es_min)","Error probability (alpha, gd_es_min)","Mismatch probability (alpha, gd_vanilla)","Error probability (alpha, gd_vanilla)",Mismatch probability (alpha_beta),Error probability (alpha_beta)
Heart Diseases Database,28_12_2021-13_40_13,-25.0,15,1,45.76399803072821,49.652061314596644,50.13333333333334,50.73333333333334,48.6,51.6,48.6,51.6,48.53333333333333,51.13333333333333
Heart Diseases Database,28_12_2021-13_40_33,-20.0,15,1,42.723884031144664,49.4297282823966,47.93333333333333,49.2,46.86666666666667,46.8,46.86666666666667,46.8,46.0,46.86666666666667
Heart Diseases Database,28_12_2021-13_40_52,-15.0,15,1,36.94670164620684,48.918806866899125,49.46666666666667,49.2,47.8,47.93333333333333,47.8,47.93333333333333,45.733333333333334,46.8
Heart Diseases Database,28_12_2021-13_41_11,-10.0,15,1,27.98006081682472,48.102368777610394,49.86666666666667,49.33333333333333,45.8,45.53333333333334,45.8,45.53333333333334,43.53333333333333,43.400000000000006
Heart Diseases Database,28_12_2021-13_41_41,-5.0,15,1,15.26452304377052,46.66881178206791,45.733333333333334,49.2,45.46666666666667,48.133333333333326,45.599999999999994,48.266666666666666,40.800000000000004,44.8
Heart Diseases Database,28_12_2021-13_42_36,0.0,15,1,4.017426976660478,44.10282633450604,42.53333333333333,44.266666666666666,42.06666666666666,43.93333333333334,42.00000000000001,43.99999999999999,34.93333333333334,38.53333333333333
Heart Diseases Database,28_12_2021-13_44_24,5.0,15,1,0.363986556981468,39.60619548706998,39.26666666666667,40.2,36.133333333333326,38.66666666666667,36.06666666666667,38.2,27.066666666666674,31.866666666666667
Heart Diseases Database,28_12_2021-13_46_02,10.0,15,1,0.06337733457238204,34.0464628338865,34.46666666666667,38.6,29.400000000000006,35.0,29.333333333333332,35.6,21.266666666666666,28.200000000000003
