Database,Time,SNR,Number of classifiers,Power limit,Lower bound (mismatch probability),Upper bound (mismatch probability),Mismatch probability (trivial),Error probability (trivial),"Mismatch probability (alpha, gd_es_min)","Error probability (alpha, gd_es_min)","Mismatch probability (alpha, gd_vanilla)","Error probability (alpha, gd_vanilla)",Mismatch probability (alpha_beta),Error probability (alpha_beta)
Heart Diseases Database,28_12_2021-13_22_58,-25.0,15,150,49.30407106520597,49.32308376412485,49.8,49.33333333333333,47.599999999999994,49.0,47.599999999999994,49.0,46.93333333333334,48.33333333333333
Heart Diseases Database,28_12_2021-13_23_15,-20.0,15,150,48.79384253197829,48.805154975659825,45.8,46.599999999999994,46.333333333333336,45.4,46.333333333333336,45.4,44.333333333333336,43.666666666666664
Heart Diseases Database,28_12_2021-13_23_41,-15.0,15,150,47.81742002847007,47.8179037122534,48.6,48.33333333333333,45.599999999999994,47.46666666666667,45.86666666666667,47.46666666666667,42.93333333333334,45.46666666666667
