Database,Time,SNR,Number of classifiers,Power limit,Lower bound (mismatch probability),Upper bound (mismatch probability),Mismatch probability (trivial),Error probability (trivial),"Mismatch probability (alpha, unit beta)","Error probability (alpha, unit beta)","Mismatch probability (alpha, uniform beta)","Error probability (alpha, uniform beta)","Mismatch probability (alpha, beta)","Error probability (alpha, beta)","Mismatch probability (joint: alpha, beta)","Error probability (joint: alpha, beta)"
Heart Diseases Database,16_02_2022-21_03_11,-20.0,60,3600,27.473790156112095,49.55601260460663,51.26666666666666,50.56666666666667,51.26666666666666,50.56666666666667,51.26666666666666,50.56666666666667,51.26666666666666,50.56666666666667,42.06666666666666,44.03333333333334
Heart Diseases Database,16_02_2022-21_06_34,-15.0,60,3600,16.037976472152447,49.20544527091755,49.6,49.96666666666667,49.6,49.96666666666667,49.6,49.96666666666667,49.6,49.96666666666667,36.96666666666667,39.733333333333334
Heart Diseases Database,16_02_2022-21_10_28,-10.0,60,3600,5.606153942569862,48.593953032472186,50.63333333333333,50.6,50.63333333333333,50.6,50.63333333333333,50.6,50.63333333333333,50.6,28.366666666666664,32.99999999999999
Heart Diseases Database,16_02_2022-21_14_19,-5.0,60,3600,0.7004553375376472,47.499526493992455,50.9,49.7,50.9,49.7,50.9,49.7,50.9,49.7,20.933333333333337,26.0
