Database,Time,SNR,Number of classifiers,Power limit,Lower bound (mismatch probability),Upper bound (mismatch probability),Mismatch probability (trivial),Error probability (trivial),"Mismatch probability (alpha, gd_es_min)","Error probability (alpha, gd_es_min)","Mismatch probability (alpha, gd_vanilla)","Error probability (alpha, gd_vanilla)",Mismatch probability (alpha_beta),Error probability (alpha_beta)
Heart Diseases Database,03_01_2022-17_21_22,-5.0,30,30,2.2733443010700727,29.882948742074056,47.46666666666667,49.2,42.93333333333334,45.333333333333336,22.46666666666667,27.133333333333333,15.200000000000003,20.133333333333336
Heart Diseases Database,03_01_2022-17_22_39,0.0,30,30,0.0676711105636385,18.820036652005502,40.53333333333333,42.13333333333333,33.06666666666666,36.66666666666667,12.666666666666671,20.53333333333334,9.933333333333339,17.000000000000004
Heart Diseases Database,03_01_2022-17_24_48,5.0,30,30,0.00013278266966653868,11.782395486543832,34.266666666666666,39.53333333333333,28.733333333333334,33.06666666666666,7.666666666666666,19.466666666666665,8.199999999999996,16.666666666666664
Heart Diseases Database,03_01_2022-17_26_50,10.0,30,30,4.825995159052355e-12,6.954192429449025,27.0,33.86666666666667,20.666666666666668,25.93333333333333,6.666666666666665,18.999999999999993,12.6,20.933333333333337
Heart Diseases Database,03_01_2022-17_29_00,15.0,30,30,0.0,3.2898150541361435,21.133333333333336,29.533333333333335,13.533333333333331,23.533333333333328,3.0000000000000027,18.999999999999993,11.466666666666669,23.33333333333333
Heart Diseases Database,03_01_2022-17_31_02,20.0,30,30,0.0,1.9294882993762081,12.333333333333329,22.199999999999996,9.066666666666666,18.799999999999994,2.0000000000000018,17.866666666666664,4.066666666666663,19.133333333333336
