Database,Time,SNR,Number of classifiers,Power limit,Lower bound (mismatch probability),Upper bound (mismatch probability),Mismatch probability (trivial),Error probability (trivial),Mismatch probability (alpha),Error probability (alpha),Mismatch probability (alpha_beta),Error probability (alpha_beta)
Heart Diseases Database,09_11_2021-08_40_24,-25.0,15,0.1,49.979928978963656,49.791934487972306,47.099999999999994,48.9,44.9,47.099999999999994,45.3,47.43333333333334
Heart Diseases Database,09_11_2021-08_40_30,-20.0,15,0.1,49.93540342054306,49.623839038609454,46.03333333333334,46.96666666666667,42.7,43.300000000000004,43.96666666666667,44.56666666666666
Heart Diseases Database,09_11_2021-08_40_36,-15.0,15,0.1,49.799801185250985,49.34166174075594,40.93333333333333,44.333333333333336,38.866666666666674,42.06666666666666,39.33333333333333,42.86666666666667
Heart Diseases Database,09_11_2021-08_40_41,-10.0,15,0.1,49.36819454233384,48.860445366117496,36.53333333333333,39.0,31.366666666666664,35.9,34.0,37.73333333333333
Heart Diseases Database,09_11_2021-08_40_47,-5.0,15,0.1,48.05446168324987,47.95512308088614,29.566666666666663,33.666666666666664,23.2,28.766666666666662,25.966666666666672,30.800000000000004
Heart Diseases Database,09_11_2021-08_41_28,0.0,15,0.1,44.27642235742253,46.48733708171732,20.499999999999996,27.53333333333333,14.933333333333332,22.83333333333334,20.266666666666666,27.766666666666662
Heart Diseases Database,09_11_2021-08_42_54,5.0,15,0.1,34.00666398868962,43.54832629290782,10.199999999999998,21.999999999999996,9.733333333333338,19.266666666666666,17.766666666666666,25.766666666666673
Heart Diseases Database,09_11_2021-08_46_42,10.0,15,0.1,11.586659863414033,38.661560668227224,5.766666666666664,20.399999999999995,5.900000000000006,18.999999999999993,17.300000000000004,26.13333333333333
