Database,Time,SNR,Number of classifiers,Power limit,Lower bound (mismatch probability),Upper bound (mismatch probability),Mismatch probability (trivial),Error probability (trivial),Mismatch probability (alpha),Error probability (alpha),Mismatch probability (alpha_beta),Error probability (alpha_beta)
Heart Diseases Database,09_11_2021-08_47_20,-25.0,15,1,47.969850711058115,49.32549256402892,45.46666666666667,46.3,44.63333333333333,45.06666666666666,46.53333333333334,47.099999999999994
Heart Diseases Database,09_11_2021-08_47_26,-20.0,15,1,44.01504767262239,48.78660744115917,46.13333333333334,46.46666666666667,42.800000000000004,43.93333333333334,43.10000000000001,44.099999999999994
Heart Diseases Database,09_11_2021-08_48_04,-15.0,15,1,34.11572824067154,47.97345870096275,42.833333333333336,45.06666666666666,38.13333333333333,41.233333333333334,42.50000000000001,44.53333333333334
Heart Diseases Database,09_11_2021-08_48_11,-10.0,15,1,12.486944400032243,46.46484632455679,36.133333333333326,39.366666666666674,31.200000000000006,35.43333333333333,36.5,40.0
Heart Diseases Database,09_11_2021-08_48_50,-5.0,15,1,0.7079208345136119,43.396406992385614,26.3,31.699999999999996,20.433333333333337,26.633333333333333,28.933333333333334,34.13333333333334
Heart Diseases Database,09_11_2021-08_48_56,0.0,15,1,0.022184943008113356,38.665243395518516,17.533333333333335,26.3,14.200000000000001,22.433333333333337,22.26666666666667,28.766666666666662
Heart Diseases Database,09_11_2021-08_51_35,5.0,15,1,3.3992752242658255e-09,31.60620310640227,10.633333333333328,22.03333333333334,8.699999999999996,19.166666666666664,18.266666666666666,26.266666666666673
Heart Diseases Database,09_11_2021-08_55_59,10.0,15,1,0.0,22.290420417961776,6.6333333333333355,20.433333333333337,6.833333333333336,18.033333333333335,16.500000000000004,24.7
