Database,Time,SNR,Number of classifiers,Power limit,Lower bound (mismatch probability),Upper bound (mismatch probability),Mismatch probability (trivial),Error probability (trivial),Mismatch probability (alpha),Error probability (alpha),Mismatch probability (alpha_beta),Error probability (alpha_beta)
Heart Diseases Database,09_11_2021-08_39_12,-25.0,30,0.1,49.9579863374772,49.861113934998905,48.88888888888889,49.5,46.77777777777777,47.72222222222222,46.111111111111114,47.16666666666667
Heart Diseases Database,09_11_2021-08_39_19,-23.0,30,0.1,49.93544793154917,49.81198910668188,44.777777777777786,46.111111111111114,42.77777777777778,44.44444444444444,44.05555555555556,45.611111111111114
Heart Diseases Database,09_11_2021-08_39_27,-21.0,30,0.1,49.892685694076796,49.77250884732589,43.55555555555556,45.72222222222222,41.77777777777778,44.72222222222222,43.99999999999999,46.611111111111114
