Database,Time,SNR,Number of classifiers,Power limit,Lower bound (mismatch probability),Upper bound (mismatch probability),Mismatch probability (trivial),Error probability (trivial),Mismatch probability (alpha),Error probability (alpha),Mismatch probability (alpha_beta),Error probability (alpha_beta)
Heart Diseases Database,09_11_2021-09_42_35,-25.0,30,1,46.20516410331602,49.543492119050846,47.3,48.16666666666667,45.13333333333334,46.46666666666667,46.833333333333336,47.03333333333334
Heart Diseases Database,09_11_2021-09_42_48,-20.0,30,1,39.55366775879553,49.200149261289376,43.56666666666666,46.166666666666664,42.00000000000001,45.199999999999996,43.10000000000001,45.833333333333336
Heart Diseases Database,09_11_2021-09_43_00,-15.0,30,1,25.79339200108351,48.602782230862076,43.400000000000006,44.46666666666667,36.8,40.26666666666666,39.93333333333333,43.86666666666667
Heart Diseases Database,09_11_2021-09_43_13,-10.0,30,1,4.8652705971275765,47.39358391439991,34.96666666666667,39.7,28.900000000000002,33.56666666666667,37.2,39.53333333333333
Heart Diseases Database,09_11_2021-09_43_24,-5.0,30,1,0.37429382993275995,45.473515857561544,27.96666666666666,34.66666666666667,20.033333333333335,25.0,28.333333333333332,33.099999999999994
Heart Diseases Database,09_11_2021-09_43_35,0.0,30,1,0.0006592401425416857,42.205798391893104,20.433333333333337,28.366666666666664,14.3,21.566666666666666,23.099999999999998,28.500000000000004
Heart Diseases Database,09_11_2021-09_43_48,5.0,30,1,0.0,37.140405931698325,13.13333333333333,23.56666666666667,10.199999999999998,18.966666666666665,20.733333333333338,26.36666666666667
Heart Diseases Database,09_11_2021-09_47_18,10.0,30,1,0.0,29.134554150838376,6.799999999999995,21.333333333333336,7.266666666666666,20.599999999999994,19.266666666666666,26.200000000000003
