Database,Time,SNR,Number of classifiers,Power limit,Lower bound (mismatch probability),Upper bound (mismatch probability),Mismatch probability (trivial),Error probability (trivial),"Mismatch probability (alpha, unit beta)","Error probability (alpha, unit beta)","Mismatch probability (alpha, uniform beta)","Error probability (alpha, uniform beta)","Mismatch probability (alpha, beta)","Error probability (alpha, beta)"
Heart Diseases Database,04_01_2022-09_17_37,-25.0,30,5.477225575051661,39.16759970167502,48.93199234695184,48.699999999999996,49.16666666666667,47.699999999999996,48.633333333333326,47.699999999999996,48.633333333333326,44.733333333333334,46.86666666666667
Heart Diseases Database,04_01_2022-09_26_48,-20.0,30,5.477225575051661,31.373346374207355,48.12991855323666,46.333333333333336,48.06666666666667,45.93333333333334,48.33333333333333,45.93333333333334,48.33333333333333,42.53333333333333,45.86666666666667
Heart Diseases Database,04_01_2022-09_36_39,-15.0,30,5.477225575051661,21.49536011552354,46.741169390313054,47.8,47.66666666666667,44.03333333333334,45.49999999999999,44.03333333333334,45.49999999999999,36.1,39.76666666666666
Heart Diseases Database,04_01_2022-09_48_59,-10.0,30,5.477225575051661,7.88879490499159,43.962553505835274,43.03333333333333,45.699999999999996,39.56666666666667,41.900000000000006,39.56666666666667,41.900000000000006,29.300000000000004,33.233333333333334
