Database,Time,SNR,Number of classifiers,Power limit,Lower bound (mismatch probability),Upper bound (mismatch probability),Mismatch probability (trivial),Error probability (trivial),Mismatch probability (alpha),Error probability (alpha),Mismatch probability (alpha_beta),Error probability (alpha_beta)
Heart Diseases Database,09_11_2021-09_04_45,-25.0,30,0.1,49.95763053954137,49.8602082272774,46.766666666666666,47.833333333333336,43.46666666666666,45.4,44.8,46.0
Heart Diseases Database,09_11_2021-09_04_57,-20.0,30,0.1,49.86105573495308,49.7462726979382,47.333333333333336,48.0,43.2,42.733333333333334,42.7,42.96666666666666
Heart Diseases Database,09_11_2021-09_05_09,-15.0,30,0.1,49.57860972345846,49.55292593505739,40.33333333333333,44.06666666666666,37.7,40.03333333333333,40.5,42.300000000000004
Heart Diseases Database,09_11_2021-09_05_21,-10.0,30,0.1,48.69977720625786,49.21004575176652,37.66666666666667,41.266666666666666,31.033333333333335,34.96666666666667,35.46666666666667,39.13333333333333
Heart Diseases Database,09_11_2021-09_05_32,-5.0,30,0.1,46.05309193214247,48.58962426464766,29.100000000000005,34.599999999999994,20.499999999999996,25.86666666666667,27.0,32.36666666666667
Heart Diseases Database,09_11_2021-09_05_43,0.0,30,0.1,39.655968252986874,47.5201873241219,20.733333333333338,28.900000000000002,14.3,22.46666666666667,23.63333333333333,29.933333333333334
Heart Diseases Database,09_11_2021-09_08_07,5.0,30,0.1,24.449264599747327,45.41965711472416,12.333333333333329,23.799999999999997,10.599999999999998,19.399999999999995,21.53333333333334,29.200000000000003
Heart Diseases Database,09_11_2021-09_10_40,10.0,30,0.1,7.7655339930002105,42.3020816470757,7.466666666666666,20.299999999999997,7.699999999999996,18.666666666666664,21.733333333333338,29.233333333333334
