Database,Time,SNR,Number of classifiers,Power limit,Lower bound (mismatch probability),Upper bound (mismatch probability),Mismatch probability (trivial),Error probability (trivial),Mismatch probability (alpha),Error probability (alpha),Mismatch probability (alpha_beta),Error probability (alpha_beta)
Heart Diseases Database,09_11_2021-08_56_05,-25.0,15,2,42.81364748078289,49.09126880541199,46.93333333333334,47.23333333333334,46.333333333333336,46.766666666666666,47.3,47.73333333333334
Heart Diseases Database,09_11_2021-08_56_11,-20.0,15,2,29.862005453489225,48.35483758390937,43.96666666666667,45.06666666666666,43.46666666666666,44.56666666666666,44.766666666666666,47.06666666666667
Heart Diseases Database,09_11_2021-08_56_17,-15.0,15,2,6.768495025053039,46.9889534069312,42.36666666666666,43.400000000000006,38.06666666666667,40.43333333333333,43.233333333333334,43.86666666666667
Heart Diseases Database,09_11_2021-08_56_23,-10.0,15,2,0.9479094085283404,44.77917382664413,37.9,40.5,31.266666666666666,34.599999999999994,37.56666666666667,41.766666666666666
Heart Diseases Database,09_11_2021-08_57_31,-5.0,15,2,0.04170627353808003,40.820688163684764,29.533333333333335,34.833333333333336,23.166666666666668,29.800000000000004,28.733333333333334,35.633333333333326
Heart Diseases Database,09_11_2021-08_58_39,0.0,15,2,5.623336981249357e-12,34.46312247316346,16.933333333333334,25.766666666666673,14.033333333333331,22.866666666666667,21.266666666666666,27.900000000000002
Heart Diseases Database,09_11_2021-09_01_11,5.0,15,2,0.0,25.32999376292987,10.233333333333338,21.9,9.999999999999998,19.599999999999994,17.666666666666664,24.66666666666667
Heart Diseases Database,09_11_2021-09_04_32,10.0,15,2,0.0,16.4954936493611,5.833333333333335,19.033333333333335,6.266666666666665,18.400000000000006,12.766666666666671,20.433333333333337
