Database,Time,SNR,Number of classifiers,Power limit,Lower bound (mismatch probability),Upper bound (mismatch probability),Mismatch probability (trivial),Error probability (trivial),Mismatch probability (alpha),Error probability (alpha),Mismatch probability (alpha_beta),Error probability (alpha_beta)
Heart Diseases Database,09_11_2021-09_10_53,-25.0,30,1,46.09633090990496,49.571236953540506,48.266666666666666,48.56666666666667,47.63333333333334,48.53333333333333,48.33333333333333,48.633333333333326
Heart Diseases Database,09_11_2021-09_11_06,-20.0,30,1,39.91895714719285,49.21658162432714,45.49999999999999,46.9,41.333333333333336,43.06666666666666,44.099999999999994,45.233333333333334
Heart Diseases Database,09_11_2021-09_11_18,-15.0,30,1,22.980170742298434,48.5748661896333,42.266666666666666,44.49999999999999,36.16666666666667,38.13333333333333,41.56666666666666,43.93333333333334
Heart Diseases Database,09_11_2021-09_11_31,-10.0,30,1,5.9859290014555455,47.43779484838874,37.2,40.900000000000006,29.500000000000004,32.266666666666666,35.199999999999996,38.9
Heart Diseases Database,09_11_2021-09_11_42,-5.0,30,1,0.30251982523059934,45.42503782825603,29.666666666666664,34.4,20.066666666666666,26.0,26.6,31.666666666666664
Heart Diseases Database,09_11_2021-09_13_02,0.0,30,1,1.8152209701906747e-05,42.02116042254021,20.233333333333338,27.933333333333334,14.700000000000003,20.933333333333337,22.099999999999998,27.800000000000004
Heart Diseases Database,09_11_2021-09_14_20,5.0,30,1,0.0,36.13880073090525,11.733333333333329,22.53333333333334,10.066666666666668,19.599999999999994,21.53333333333334,26.93333333333333
Heart Diseases Database,09_11_2021-09_16_54,10.0,30,1,0.0,29.04138614124947,7.399999999999995,20.033333333333335,8.033333333333337,18.333333333333336,21.733333333333338,27.43333333333333
