Database,Time,SNR,Number of classifiers,Power limit,Lower bound (mismatch probability),Upper bound (mismatch probability),Mismatch probability (trivial),Error probability (trivial),Mismatch probability (alpha),Error probability (alpha),Mismatch probability (alpha_beta),Error probability (alpha_beta)
Heart Diseases Database,09_11_2021-09_17_06,-25.0,30,2,37.668714267313526,49.38377397391142,46.599999999999994,47.73333333333334,45.699999999999996,45.9,47.833333333333336,48.03333333333333
Heart Diseases Database,09_11_2021-09_17_19,-20.0,30,2,22.460738206795426,48.90830385346512,45.099999999999994,46.333333333333336,42.300000000000004,43.333333333333336,45.166666666666664,46.733333333333334
Heart Diseases Database,09_11_2021-09_17_31,-15.0,30,2,4.844672578762943,47.982324430135314,41.800000000000004,44.39999999999999,37.23333333333333,39.83333333333333,40.96666666666666,44.03333333333334
Heart Diseases Database,09_11_2021-09_17_44,-10.0,30,2,0.04825070068403671,46.3779310938541,35.43333333333333,38.800000000000004,27.43333333333333,32.266666666666666,34.3,38.93333333333333
Heart Diseases Database,09_11_2021-09_17_55,-5.0,30,2,1.985370941722427e-11,43.7674993609005,28.266666666666662,34.266666666666666,21.03333333333334,27.633333333333333,28.766666666666662,33.766666666666666
Heart Diseases Database,09_11_2021-09_18_06,0.0,30,2,0.0,39.494617302778366,21.599999999999998,28.900000000000002,14.400000000000002,20.899999999999995,22.63333333333334,28.266666666666662
Heart Diseases Database,09_11_2021-09_18_21,5.0,30,2,0.0,32.04885483948128,12.0,22.63333333333334,9.866666666666667,18.766666666666666,19.399999999999995,25.56666666666667
Heart Diseases Database,09_11_2021-09_24_10,10.0,30,2,0.0,22.657633352321927,7.166666666666666,19.733333333333334,7.833333333333337,19.133333333333336,16.933333333333334,22.9
