Database,Time,SNR,Number of classifiers,Power limit,Lower bound (mismatch probability),Upper bound (mismatch probability),Mismatch probability (trivial),Error probability (trivial),"Mismatch probability (alpha, unit beta)","Error probability (alpha, unit beta)","Mismatch probability (alpha, uniform beta)","Error probability (alpha, uniform beta)","Mismatch probability (alpha, beta)","Error probability (alpha, beta)","Mismatch probability (joint: alpha, beta)","Error probability (joint: alpha, beta)"
Heart Diseases Database,16_02_2022-15_25_53,-40.0,60,60,47.4600640430417,49.9574816918676,41.666666666666664,55.00000000000001,41.666666666666664,55.00000000000001,41.666666666666664,55.00000000000001,41.666666666666664,55.00000000000001,41.666666666666664,55.00000000000001
Heart Diseases Database,16_02_2022-15_25_53,-25.0,60,60,36.9690912618138,49.7626665044737,48.33333333333333,51.66666666666666,48.33333333333333,51.66666666666666,48.33333333333333,51.66666666666666,48.33333333333333,51.66666666666666,48.33333333333333,51.66666666666666
Heart Diseases Database,16_02_2022-15_25_54,-10.0,60,60,6.904896980965488,48.56256620653271,41.666666666666664,53.333333333333336,41.666666666666664,53.333333333333336,41.666666666666664,53.333333333333336,41.666666666666664,53.333333333333336,41.666666666666664,53.333333333333336
Heart Diseases Database,16_02_2022-15_25_54,5.0,60,60,0.0,40.696145581899465,43.333333333333336,43.333333333333336,43.333333333333336,43.333333333333336,43.333333333333336,43.333333333333336,43.333333333333336,43.333333333333336,43.333333333333336,43.333333333333336
