Database,Time,SNR,Number of classifiers,Power limit,Lower bound (mismatch probability),Upper bound (mismatch probability),Mismatch probability (trivial),Error probability (trivial),"Mismatch probability (alpha, unit beta)","Error probability (alpha, unit beta)","Mismatch probability (alpha, uniform beta)","Error probability (alpha, uniform beta)","Mismatch probability (alpha, beta)","Error probability (alpha, beta)","Mismatch probability (joint: alpha, beta)","Error probability (joint: alpha, beta)"
Heart Diseases Database,16_02_2022-15_25_42,-40.0,60,7.745966692414834,47.65417839013933,49.960762875424145,48.33333333333333,41.666666666666664,48.33333333333333,41.666666666666664,48.33333333333333,41.666666666666664,48.33333333333333,41.666666666666664,48.33333333333333,41.666666666666664
Heart Diseases Database,16_02_2022-15_25_42,-25.0,60,7.745966692414834,33.538420099976044,49.71593990853302,50.0,58.33333333333333,50.0,58.33333333333333,50.0,58.33333333333333,50.0,58.33333333333333,50.0,58.33333333333333
Heart Diseases Database,16_02_2022-15_25_42,-10.0,60,7.745966692414834,4.189289607559376,48.4722299582925,46.666666666666664,43.333333333333336,46.666666666666664,43.333333333333336,46.666666666666664,43.333333333333336,46.666666666666664,43.333333333333336,46.666666666666664,43.333333333333336
Heart Diseases Database,16_02_2022-15_25_43,5.0,60,7.745966692414834,6.661338147750939e-15,41.88824921115029,25.0,26.66666666666667,25.0,26.66666666666667,25.0,26.66666666666667,25.0,26.66666666666667,25.0,26.66666666666667
